[
{
  "model": "reservations.destination",
  "pk": 1,
  "fields": {
    "naziv": "Rijeka",
    "drzava": "Hrvatska"
  }
},
{
  "model": "reservations.destination",
  "pk": 2,
  "fields": {
    "naziv": "Zagreb",
    "drzava": "Hrvatska"
  }
},
{
  "model": "reservations.destination",
  "pk": 3,
  "fields": {
    "naziv": "Split",
    "drzava": "Hrvatska"
  }
},
{
  "model": "reservations.destination",
  "pk": 4,
  "fields": {
    "naziv": "Dubrovnik",
    "drzava": "Hrvatska"
  }
},
{
  "model": "reservations.destination",
  "pk": 5,
  "fields": {
    "naziv": "Osijek",
    "drzava": "Hrvatska"
  }
},
{
  "model": "reservations.destination",
  "pk": 6,
  "fields": {
    "naziv": "Zadar",
    "drzava": "Hrvatska"
  }
},
{
  "model": "reservations.destination",
  "pk": 7,
  "fields": {
    "naziv": "Velika Gorica",
    "drzava": "Hrvatska"
  }
},
{
  "model": "reservations.destination",
  "pk": 8,
  "fields": {
    "naziv": "Pula",
    "drzava": "Hrvatska"
  }
},
{
  "model": "reservations.destination",
  "pk": 9,
  "fields": {
    "naziv": "Slavonski Brod",
    "drzava": "Hrvatska"
  }
},
{
  "model": "reservations.destination",
  "pk": 10,
  "fields": {
    "naziv": "Karlovac",
    "drzava": "Hrvatska"
  }
},
{
  "model": "reservations.destination",
  "pk": 11,
  "fields": {
    "naziv": "Varaždin",
    "drzava": "Hrvatska"
  }
},
{
  "model": "reservations.destination",
  "pk": 12,
  "fields": {
    "naziv": "Bjelovar",
    "drzava": "Hrvatska"
  }
},
{
  "model": "reservations.accommodation",
  "pk": 1,
  "fields": {
    "naziv": "Apartman Jana",
    "destinacija": 1,
    "tip": "APARTMAN",
    "kapacitet_jedinica": 4,
    "cijena_po_nocenju": "100.00",
    "zvjezdice": 4
  }
},
{
  "model": "reservations.accommodation",
  "pk": 2,
  "fields": {
    "naziv": "Hotel Klana",
    "destinacija": 2,
    "tip": "HOTEL",
    "kapacitet_jedinica": 50,
    "cijena_po_nocenju": "200.00",
    "zvjezdice": 5
  }
},
{
  "model": "reservations.accommodation",
  "pk": 3,
  "fields": {
    "naziv": "Hotel Amfiteatar",
    "destinacija": 8,
    "tip": "HOTEL",
    "kapacitet_jedinica": 50,
    "cijena_po_nocenju": "150.00",
    "zvjezdice": 5
  }
},
{
  "model": "reservations.accommodation",
  "pk": 4,
  "fields": {
    "naziv": "Apartman Arena",
    "destinacija": 8,
    "tip": "APARTMAN",
    "kapacitet_jedinica": 10,
    "cijena_po_nocenju": "100.00",
    "zvjezdice": 3
  }
},
{
  "model": "reservations.accommodation",
  "pk": 5,
  "fields": {
    "naziv": "Vila Istria",
    "destinacija": 8,
    "tip": "VILA",
    "kapacitet_jedinica": 20,
    "cijena_po_nocenju": "200.00",
    "zvjezdice": 5
  }
},
{
  "model": "reservations.accommodation",
  "pk": 6,
  "fields": {
    "naziv": "Hotel Bilogora",
    "destinacija": 12,
    "tip": "HOTEL",
    "kapacitet_jedinica": 150,
    "cijena_po_nocenju": "125.00",
    "zvjezdice": 4
  }
},
{
  "model": "reservations.accommodation",
  "pk": 7,
  "fields": {
    "naziv": "Hostel Park",
    "destinacija": 11,
    "tip": "HOSTEL",
    "kapacitet_jedinica": 30,
    "cijena_po_nocenju": "40.00",
    "zvjezdice": 3
  }
},
{
  "model": "reservations.accommodation",
  "pk": 8,
  "fields": {
    "naziv": "Apartman Mrežnica",
    "destinacija": 10,
    "tip": "APARTMAN",
    "kapacitet_jedinica": 5,
    "cijena_po_nocenju": "140.00",
    "zvjezdice": 2
  }
},
{
  "model": "reservations.accommodation",
  "pk": 9,
  "fields": {
    "naziv": "Hotel Aerodrom",
    "destinacija": 7,
    "tip": "HOTEL",
    "kapacitet_jedinica": 45,
    "cijena_po_nocenju": "170.00",
    "zvjezdice": 4
  }
},
{
  "model": "reservations.accommodation",
  "pk": 10,
  "fields": {
    "naziv": "Apartman Mira",
    "destinacija": 9,
    "tip": "APARTMAN",
    "kapacitet_jedinica": 7,
    "cijena_po_nocenju": "35.00",
    "zvjezdice": 3
  }
},
{
  "model": "reservations.accommodation",
  "pk": 11,
  "fields": {
    "naziv": "Hotel Slavonija",
    "destinacija": 5,
    "tip": "HOTEL",
    "kapacitet_jedinica": 35,
    "cijena_po_nocenju": "95.00",
    "zvjezdice": 3
  }
},
{
  "model": "reservations.accommodation",
  "pk": 12,
  "fields": {
    "naziv": "Vila Argentina",
    "destinacija": 4,
    "tip": "VILA",
    "kapacitet_jedinica": 10,
    "cijena_po_nocenju": "250.00",
    "zvjezdice": 5
  }
},
{
  "model": "reservations.accommodation",
  "pk": 13,
  "fields": {
    "naziv": "Apartman Solin",
    "destinacija": 3,
    "tip": "APARTMAN",
    "kapacitet_jedinica": 8,
    "cijena_po_nocenju": "100.00",
    "zvjezdice": 3
  }
},
{
  "model": "reservations.accommodation",
  "pk": 14,
  "fields": {
    "naziv": "Hotel Bonavia",
    "destinacija": 1,
    "tip": "HOTEL",
    "kapacitet_jedinica": 200,
    "cijena_po_nocenju": "200.00",
    "zvjezdice": 4
  }
},
{
  "model": "reservations.accommodation",
  "pk": 15,
  "fields": {
    "naziv": "Apartman Saint Vitus",
    "destinacija": 1,
    "tip": "APARTMAN",
    "kapacitet_jedinica": 5,
    "cijena_po_nocenju": "75.00",
    "zvjezdice": 3
  }
},
{
  "model": "reservations.accommodation",
  "pk": 16,
  "fields": {
    "naziv": "Hostel Sveti Vid",
    "destinacija": 1,
    "tip": "HOSTEL",
    "kapacitet_jedinica": 25,
    "cijena_po_nocenju": "100.00",
    "zvjezdice": 4
  }
},
{
  "model": "reservations.transporttype",
  "pk": 1,
  "fields": {
    "naziv": "Vlak"
  }
},
{
  "model": "reservations.transporttype",
  "pk": 2,
  "fields": {
    "naziv": "Autobus"
  }
},
{
  "model": "reservations.transporttype",
  "pk": 3,
  "fields": {
    "naziv": "Automobil"
  }
},
{
  "model": "reservations.transporttype",
  "pk": 4,
  "fields": {
    "naziv": "Avion"
  }
},
{
  "model": "reservations.tripoffer",
  "pk": 1,
  "fields": {
    "destinacija": 1,
    "datum_polaska": "2025-09-01",
    "cijena_osnovno": "200.00",
    "broj_mjesta": 50
  }
},
{
  "model": "reservations.tripoffer",
  "pk": 2,
  "fields": {
    "destinacija": 2,
    "datum_polaska": "2025-09-01",
    "cijena_osnovno": "100.00",
    "broj_mjesta": 50
  }
},
{
  "model": "reservations.tripoffer",
  "pk": 3,
  "fields": {
    "destinacija": 12,
    "datum_polaska": "2025-09-01",
    "cijena_osnovno": "50.00",
    "broj_mjesta": 50
  }
},
{
  "model": "reservations.tripoffer",
  "pk": 4,
  "fields": {
    "destinacija": 10,
    "datum_polaska": "2025-09-04",
    "cijena_osnovno": "60.00",
    "broj_mjesta": 50
  }
},
{
  "model": "reservations.tripoffer",
  "pk": 5,
  "fields": {
    "destinacija": 3,
    "datum_polaska": "2025-09-26",
    "cijena_osnovno": "150.00",
    "broj_mjesta": 50
  }
},
{
  "model": "reservations.tripoffer",
  "pk": 6,
  "fields": {
    "destinacija": 1,
    "datum_polaska": "2025-09-26",
    "cijena_osnovno": "60.00",
    "broj_mjesta": 50
  }
},
{
  "model": "reservations.tripoffer",
  "pk": 7,
  "fields": {
    "destinacija": 8,
    "datum_polaska": "2025-09-24",
    "cijena_osnovno": "150.00",
    "broj_mjesta": 50
  }
},
{
  "model": "reservations.triptransport",
  "pk": 1,
  "fields": {
    "ponuda": 1,
    "transport_type": 1,
    "cijena": "30.00",
    "max_osoba": 50
  }
},
{
  "model": "reservations.triptransport",
  "pk": 2,
  "fields": {
    "ponuda": 1,
    "transport_type": 2,
    "cijena": "50.00",
    "max_osoba": 50
  }
},
{
  "model": "reservations.triptransport",
  "pk": 3,
  "fields": {
    "ponuda": 1,
    "transport_type": 3,
    "cijena": "100.00",
    "max_osoba": 4
  }
},
{
  "model": "reservations.triptransport",
  "pk": 4,
  "fields": {
    "ponuda": 1,
    "transport_type": 4,
    "cijena": "200.00",
    "max_osoba": 50
  }
},
{
  "model": "reservations.triptransport",
  "pk": 5,
  "fields": {
    "ponuda": 2,
    "transport_type": 1,
    "cijena": "50.00",
    "max_osoba": 50
  }
},
{
  "model": "reservations.triptransport",
  "pk": 6,
  "fields": {
    "ponuda": 2,
    "transport_type": 2,
    "cijena": "100.00",
    "max_osoba": 50
  }
},
{
  "model": "reservations.triptransport",
  "pk": 7,
  "fields": {
    "ponuda": 3,
    "transport_type": 2,
    "cijena": "50.00",
    "max_osoba": 50
  }
},
{
  "model": "reservations.triptransport",
  "pk": 8,
  "fields": {
    "ponuda": 3,
    "transport_type": 3,
    "cijena": "100.00",
    "max_osoba": 4
  }
},
{
  "model": "reservations.triptransport",
  "pk": 9,
  "fields": {
    "ponuda": 4,
    "transport_type": 1,
    "cijena": "15.00",
    "max_osoba": 50
  }
},
{
  "model": "reservations.triptransport",
  "pk": 10,
  "fields": {
    "ponuda": 4,
    "transport_type": 2,
    "cijena": "30.00",
    "max_osoba": 50
  }
},
{
  "model": "reservations.triptransport",
  "pk": 11,
  "fields": {
    "ponuda": 4,
    "transport_type": 3,
    "cijena": "40.00",
    "max_osoba": 4
  }
},
{
  "model": "reservations.triptransport",
  "pk": 12,
  "fields": {
    "ponuda": 5,
    "transport_type": 4,
    "cijena": "70.00",
    "max_osoba": 50
  }
},
{
  "model": "reservations.triptransport",
  "pk": 13,
  "fields": {
    "ponuda": 5,
    "transport_type": 2,
    "cijena": "50.00",
    "max_osoba": 50
  }
},
{
  "model": "reservations.triptransport",
  "pk": 14,
  "fields": {
    "ponuda": 5,
    "transport_type": 3,
    "cijena": "60.00",
    "max_osoba": 4
  }
},
{
  "model": "reservations.triptransport",
  "pk": 15,
  "fields": {
    "ponuda": 5,
    "transport_type": 1,
    "cijena": "20.00",
    "max_osoba": 50
  }
},
{
  "model": "reservations.triptransport",
  "pk": 16,
  "fields": {
    "ponuda": 6,
    "transport_type": 1,
    "cijena": "15.00",
    "max_osoba": 50
  }
},
{
  "model": "reservations.triptransport",
  "pk": 17,
  "fields": {
    "ponuda": 6,
    "transport_type": 2,
    "cijena": "30.00",
    "max_osoba": 50
  }
},
{
  "model": "reservations.triptransport",
  "pk": 18,
  "fields": {
    "ponuda": 6,
    "transport_type": 3,
    "cijena": "45.00",
    "max_osoba": 4
  }
},
{
  "model": "reservations.triptransport",
  "pk": 19,
  "fields": {
    "ponuda": 6,
    "transport_type": 4,
    "cijena": "75.00",
    "max_osoba": 50
  }
},
{
  "model": "reservations.triptransport",
  "pk": 20,
  "fields": {
    "ponuda": 7,
    "transport_type": 2,
    "cijena": "50.00",
    "max_osoba": 50
  }
},
{
  "model": "reservations.triptransport",
  "pk": 21,
  "fields": {
    "ponuda": 7,
    "transport_type": 3,
    "cijena": "75.00",
    "max_osoba": 4
  }
},
{
  "model": "reservations.accommodationbooking",
  "pk": 2,
  "fields": {
    "user": 1,
    "smjestaj": 1,
    "check_in": "2025-03-26",
    "check_out": "2025-03-29",
    "broj_osoba": 7,
    "ukupna_cijena": "2100.00",
    "created_at": "2025-09-01T08:59:04.465Z"
  }
},
{
  "model": "reservations.accommodationbooking",
  "pk": 4,
  "fields": {
    "user": 1,
    "smjestaj": 2,
    "check_in": "2025-03-21",
    "check_out": "2025-03-23",
    "broj_osoba": 1,
    "ukupna_cijena": "400.00",
    "created_at": "2025-09-01T09:43:57.742Z"
  }
},
{
  "model": "reservations.accommodationbooking",
  "pk": 5,
  "fields": {
    "user": 1,
    "smjestaj": 2,
    "check_in": "2025-03-24",
    "check_out": "2025-03-25",
    "broj_osoba": 5,
    "ukupna_cijena": "1000.00",
    "created_at": "2025-09-01T16:09:15.761Z"
  }
},
{
  "model": "reservations.accommodationbooking",
  "pk": 6,
  "fields": {
    "user": 1,
    "smjestaj": 6,
    "check_in": "2025-03-26",
    "check_out": "2025-03-29",
    "broj_osoba": 3,
    "ukupna_cijena": "1125.00",
    "created_at": "2025-09-01T16:18:32.498Z"
  }
},
{
  "model": "reservations.accommodationbooking",
  "pk": 7,
  "fields": {
    "user": 1,
    "smjestaj": 1,
    "check_in": "2025-03-26",
    "check_out": "2025-03-29",
    "broj_osoba": 57,
    "ukupna_cijena": "17100.00",
    "created_at": "2025-09-02T14:14:19.727Z"
  }
},
{
  "model": "reservations.accommodationbooking",
  "pk": 8,
  "fields": {
    "user": 1,
    "smjestaj": 13,
    "check_in": "2025-03-26",
    "check_out": "2025-03-29",
    "broj_osoba": 1,
    "ukupna_cijena": "300.00",
    "created_at": "2025-09-02T14:17:32.849Z"
  }
},
{
  "model": "reservations.accommodationbooking",
  "pk": 9,
  "fields": {
    "user": 1,
    "smjestaj": 13,
    "check_in": "2025-09-07",
    "check_out": "2025-09-20",
    "broj_osoba": 2,
    "ukupna_cijena": "2600.00",
    "created_at": "2025-09-03T07:32:38.622Z"
  }
},
{
  "model": "reservations.accommodationbooking",
  "pk": 10,
  "fields": {
    "user": 1,
    "smjestaj": 11,
    "check_in": "2025-09-07",
    "check_out": "2025-09-20",
    "broj_osoba": 3,
    "ukupna_cijena": "3705.00",
    "created_at": "2025-09-03T08:49:07.270Z"
  }
},
{
  "model": "reservations.accommodationbooking",
  "pk": 11,
  "fields": {
    "user": 1,
    "smjestaj": 14,
    "check_in": "2025-09-29",
    "check_out": "2025-09-30",
    "broj_osoba": 10,
    "ukupna_cijena": "2000.00",
    "created_at": "2025-09-05T13:01:54.477Z"
  }
},
{
  "model": "reservations.accommodationbooking",
  "pk": 12,
  "fields": {
    "user": 1,
    "smjestaj": 16,
    "check_in": "2025-09-09",
    "check_out": "2025-09-16",
    "broj_osoba": 4,
    "ukupna_cijena": "2800.00",
    "created_at": "2025-09-05T13:06:11.333Z"
  }
},
{
  "model": "reservations.accommodationbooking",
  "pk": 13,
  "fields": {
    "user": 1,
    "smjestaj": 2,
    "check_in": "2025-09-07",
    "check_out": "2025-09-30",
    "broj_osoba": 5,
    "ukupna_cijena": "23000.00",
    "created_at": "2025-09-05T13:14:32.097Z"
  }
},
{
  "model": "reservations.accommodationbooking",
  "pk": 14,
  "fields": {
    "user": 1,
    "smjestaj": 1,
    "check_in": "2025-09-07",
    "check_out": "2025-10-01",
    "broj_osoba": 4,
    "ukupna_cijena": "9600.00",
    "created_at": "2025-09-05T16:06:19.908Z"
  }
},
{
  "model": "reservations.accommodationbooking",
  "pk": 15,
  "fields": {
    "user": 1,
    "smjestaj": 16,
    "check_in": "2025-09-07",
    "check_out": "2025-09-30",
    "broj_osoba": 1,
    "ukupna_cijena": "2300.00",
    "created_at": "2025-09-06T09:39:14.780Z"
  }
},
{
  "model": "reservations.accommodationbooking",
  "pk": 16,
  "fields": {
    "user": 1,
    "smjestaj": 3,
    "check_in": "2025-09-07",
    "check_out": "2025-09-30",
    "broj_osoba": 6,
    "ukupna_cijena": "20700.00",
    "created_at": "2025-09-06T09:42:34.316Z"
  }
},
{
  "model": "reservations.accommodationbooking",
  "pk": 17,
  "fields": {
    "user": 1,
    "smjestaj": 7,
    "check_in": "2025-09-07",
    "check_out": "2025-09-30",
    "broj_osoba": 2,
    "ukupna_cijena": "1840.00",
    "created_at": "2025-09-06T09:58:50.704Z"
  }
},
{
  "model": "reservations.accommodationbooking",
  "pk": 18,
  "fields": {
    "user": 1,
    "smjestaj": 7,
    "check_in": "2025-09-07",
    "check_out": "2025-09-30",
    "broj_osoba": 3,
    "ukupna_cijena": "2760.00",
    "created_at": "2025-09-06T15:14:14.704Z"
  }
},
{
  "model": "reservations.accommodationbooking",
  "pk": 20,
  "fields": {
    "user": 1,
    "smjestaj": 1,
    "check_in": "2025-09-09",
    "check_out": "2025-09-30",
    "broj_osoba": 3,
    "ukupna_cijena": "6300.00",
    "created_at": "2025-09-08T15:32:07.844Z"
  }
},
{
  "model": "reservations.tripbooking",
  "pk": 6,
  "fields": {
    "user": 1,
    "ponuda": 5,
    "prijevoz": 12,
    "broj_osoba": 1,
    "ukupna_cijena": "220.00",
    "created_at": "2025-09-02T14:20:56.418Z"
  }
},
{
  "model": "reservations.tripbooking",
  "pk": 7,
  "fields": {
    "user": 1,
    "ponuda": 6,
    "prijevoz": 16,
    "broj_osoba": 6,
    "ukupna_cijena": "450.00",
    "created_at": "2025-09-03T07:33:14.581Z"
  }
},
{
  "model": "reservations.tripbooking",
  "pk": 8,
  "fields": {
    "user": 1,
    "ponuda": 6,
    "prijevoz": 17,
    "broj_osoba": 12,
    "ukupna_cijena": "1080.00",
    "created_at": "2025-09-03T07:33:54.003Z"
  }
},
{
  "model": "reservations.tripbooking",
  "pk": 9,
  "fields": {
    "user": 1,
    "ponuda": 5,
    "prijevoz": 13,
    "broj_osoba": 8,
    "ukupna_cijena": "1600.00",
    "created_at": "2025-09-03T08:49:18.244Z"
  }
},
{
  "model": "reservations.tripbooking",
  "pk": 10,
  "fields": {
    "user": 1,
    "ponuda": 6,
    "prijevoz": 19,
    "broj_osoba": 9,
    "ukupna_cijena": "1215.00",
    "created_at": "2025-09-06T09:36:37.509Z"
  }
},
{
  "model": "reservations.tripbooking",
  "pk": 11,
  "fields": {
    "user": 1,
    "ponuda": 6,
    "prijevoz": 17,
    "broj_osoba": 7,
    "ukupna_cijena": "630.00",
    "created_at": "2025-09-06T15:13:45.185Z"
  }
},
{
  "model": "reservations.tripbooking",
  "pk": 12,
  "fields": {
    "user": 1,
    "ponuda": 5,
    "prijevoz": 15,
    "broj_osoba": 9,
    "ukupna_cijena": "1530.00",
    "created_at": "2025-09-07T19:00:57.746Z"
  }
}
]
